Категории,Подкатегории,Регионы,Города поселоки
Основная категория..,Подкатегория..,,Грозный
Еда и напитки,Кафе и кофейни,,Грозный
,Рестораны,,Урус-Мартан
,Бары и пабы,,Гудермес
,Фастфуд,,Шали
,Пекарни,,Аргун
,Магазины продуктов / супермаркеты,,Курчалой
,Сладости и кондитерские,,Ачхой-Мартан
Здоровье и красота,Аптеки,,Цоци-Юрт
,Клиники / медцентры,,Бачи-Юрт
,Стоматология,,Гойты
,Ветеринарные клиники,,Автуры
,Салоны красоты,,Катар-Юрт
,Парикмахерские,,Гелдагана
,СПА и массаж,,Знаменское
Товары и розница,Магазины одежды,,Майртуп
,Обувь,,Гехи
,Аксессуары и украшения,,Алхан-Кала
,Электроника и гаджеты,,Самашки
,Мебель и интерьер,,Аллерой
,Книги и канцтовары,,Шелковская
,Спорттовары,,Старые Атаги
Услуги,Ремонт техники / электроники,,Серноводское
,Автосервис и СТО,,Герменчук
,Юридические услуги,,Мескер-Юрт
,Бухгалтерия и финансы,,Ассиновская
,Маркетинг и реклама,,Алхан-Юрт
,Обучение и курсы,,Надтеречное
,IT и веб-разработка,,Червлённая
,Фотографы и видеографы,,Ойсхара
Жильё и недвижимость,Агентства недвижимости,,Наурская
,Строительство и ремонт,,Новые Атаги
,Мебель на заказ / дизайн интерьера,,Гвардейское
Развлечения и досуг,Кинотеатры,,Чечен-Аул
,Театры / концерты / шоу,,Толстой-Юрт
,"Парки, зоопарки, аттракционы",,Валерик
,Спортзалы / фитнес-клубы,,Калиновская
,Клубы и вечеринки,,Бено-Юрт
Транспорт и логистика,Такси / каршеринг,,Джалка
,Автопрокат,,Ахмат-Юрт
,Курьерские и транспортные компании,,Бердыкель
,Автошколы,,Ножай-Юрт
Финансы и страхование,Банки,,Дуба-Юрт
,Страховые компании,,Ведено
,Микрофинансы и кредитные организации,,Шатой
Образование и наука,Школы и детсады,,Итум-Кали
,ВУЗы / колледжи / институты,,
,Репетиторы,,
,Научные и исследовательские центры,,
Дом и хозяйство,Магазины бытовой химии,,
,Хозяйственные магазины,,
,Сад и огород / питомники,,
,Ремонт домов и квартир,,
Туризм и путешествия,Отели и гостиницы,,
,Гостевые дома и апартаменты,,
,Турагентства,,
,Экскурсионные услуги,,
Другое / Местные сервисы,Религиозные организации,,
,Волонтерские и НКО,,
,"Публичные учреждения (музеи, библиотеки, МФЦ)",,
